n_threads,omni_seq_block_decode,level,dataset,size_mb,ratio_delta_pct_omni_vs_zstd,decomp_delta_pct_omni_vs_zstd,decomp_time_delta_pct_omni_vs_zstd,decomp_mb_s_ratio_omni_over_zstd,ratio_zstd,ratio_omni,comp_zstd_s,comp_omni_s,comp_time_delta_pct_omni_vs_zstd,decomp_zstd_s,decomp_omni_s,decomp_zstd_mb_s,decomp_omni_mb_s,comp_zstd_mb_s,comp_omni_mb_s,comp_delta_pct_omni_vs_zstd,rss_peak_delta_zstd_mb,rss_peak_delta_omni_mb,rss_delta_diff_omni_minus_zstd_mb,status_zstd,status_omni
1,1,1,dickens,9.720274,-0.068938,118.525743,-54.238801,2.185257,2.391619,2.389971,0.017511,0.019954,13.954213,0.006291,0.002879,1545.087542,3376.414034,555.100573,487.125979,-12.245456,24.156250,57.796875,33.640625,OK,OK
1,1,3,dickens,9.720274,-0.597688,174.831272,-63.614039,2.748313,2.782158,2.765529,0.032338,0.030632,-5.273509,0.007722,0.002810,1258.858248,3459.736134,300.585970,317.319860,5.567089,24.359375,55.078125,30.718750,OK,OK
1,1,9,dickens,9.720274,-1.209702,154.251510,-60.668867,2.542515,3.105064,3.067502,0.129897,0.124372,-4.253653,0.006720,0.002643,1446.406497,3677.510363,74.830507,78.154947,4.442626,33.265625,54.406250,21.140625,OK,OK
1,1,12,dickens,9.720274,-1.810384,160.176562,-61.564562,2.601766,3.216509,3.158278,0.278414,0.242943,-12.740314,0.006239,0.002398,1557.923461,4053.351694,34.913048,40.010513,14.600459,63.156250,93.515625,30.359375,OK,OK
1,1,15,dickens,9.720274,-2.795289,141.848185,-58.651747,2.418482,3.333083,3.239914,1.659339,1.159160,-30.143299,0.006048,0.002501,1607.210212,3887.008725,5.857919,8.385622,43.150190,87.031250,117.218750,30.187500,OK,OK
1,1,22,dickens,9.720274,-3.876890,167.720097,-62.647556,2.677201,3.577472,3.438777,2.824077,1.766826,-37.437047,0.006530,0.002439,1488.499527,3985.012370,3.441929,5.501546,59.839003,279.484375,117.031250,-162.453125,OK,OK
1,1,1,mozilla,48.847656,-0.732339,257.015353,-71.990000,3.570154,2.565064,2.546279,0.062023,0.086382,39.274892,0.032671,0.009151,1495.155242,5337.933766,787.574846,565.482290,-28.199549,117.515625,302.109375,184.593750,OK,OK
1,1,3,mozilla,48.847656,-1.612079,277.174097,-73.487045,3.771741,2.810098,2.764797,0.090879,0.110387,21.466200,0.034211,0.009070,1427.843479,5385.455756,537.502623,442.512093,-17.672571,116.515625,292.265625,175.750000,OK,OK
1,1,9,mozilla,48.847656,-2.317344,244.855961,-71.002386,3.448560,3.073474,3.002251,0.403239,0.422470,4.769107,0.032426,0.009403,1506.417421,5194.970271,121.138111,115.623885,-4.552016,124.312500,283.890625,159.578125,OK,OK
1,1,12,mozilla,48.847656,-2.391632,250.706593,-71.486136,3.507066,3.096600,3.022541,0.852593,0.939815,10.230295,0.033906,0.009668,1440.696501,5052.617620,57.293070,51.975793,-9.280838,154.187500,319.062500,164.875000,OK,OK
1,1,15,mozilla,48.847656,-2.472915,265.481248,-72.638815,3.654812,3.110845,3.033917,2.449820,2.348199,-4.148128,0.033739,0.009231,1447.818810,5291.506259,19.939282,20.802183,4.327644,178.093750,295.843750,117.750000,OK,OK
1,1,22,mozilla,48.847656,-2.877858,312.218680,-75.741031,4.122187,3.435816,3.336938,10.877681,7.621287,-29.936472,0.046640,0.011314,1047.342388,4317.340967,4.490631,6.409371,42.727611,735.203125,420.703125,-314.500000,OK,OK
1,1,1,mr,9.508671,5.673999,76.323999,-43.286223,1.763240,2.614607,2.762959,0.013573,0.023230,71.140760,0.005825,0.003303,1632.448417,2878.398335,700.531979,409.330880,-41.568566,23.312500,59.078125,35.765625,OK,OK
1,1,3,mr,9.508671,2.746163,107.279051,-51.755858,2.072791,2.810568,2.887751,0.023621,0.034548,46.258219,0.006770,0.003266,1404.495759,2911.225481,402.548033,275.231051,-31.627774,23.796875,58.781250,34.984375,OK,OK
1,1,9,mr,9.508671,-0.987457,151.279205,-60.203631,2.512792,3.006407,2.976720,0.099807,0.108686,8.896658,0.006568,0.002614,1447.653593,3637.652441,95.270898,87.487440,-8.169817,32.859375,56.171875,23.312500,OK,OK
1,1,12,mr,9.508671,-1.324580,86.613917,-46.413428,1.866139,3.051410,3.010991,0.213511,0.231253,8.309886,0.006207,0.003326,1531.885772,2858.712041,44.534857,41.117999,-7.672325,62.796875,98.796875,36.000000,OK,OK
1,1,15,mr,9.508671,-1.686702,75.880044,-43.143066,1.758800,3.081810,3.029829,1.015742,0.865546,-14.786837,0.006054,0.003442,1570.621150,2762.409164,9.361304,10.985749,17.352761,86.750000,123.734375,36.984375,OK,OK
1,1,22,mr,9.508671,-1.550066,139.372892,-58.224175,2.393729,3.213782,3.163967,2.135871,1.933438,-9.477784,0.006896,0.002881,1378.800993,3300.475817,4.451893,4.918011,10.470120,279.296875,183.703125,-95.593750,OK,OK
1,1,1,nci,31.999059,-0.232661,295.867971,-74.739053,3.958680,11.779016,11.751610,0.022467,0.023715,5.553113,0.011552,0.002918,2769.901631,10965.153390,1424.261390,1349.331483,-5.260966,67.234375,143.734375,76.500000,OK,OK
1,1,3,nci,31.999059,-0.783240,240.844789,-70.661133,3.408448,11.840262,11.747525,0.025277,0.026534,4.969839,0.011613,0.003407,2755.382497,9391.577671,1265.912793,1205.977645,-4.734540,67.937500,143.656250,75.718750,OK,OK
1,1,9,nci,31.999059,-2.068559,210.404605,-67.783983,3.104046,14.934540,14.625610,0.143635,0.133527,-7.037566,0.008908,0.002870,3592.288274,11150.628240,222.780178,239.645379,7.570333,76.671875,150.500000,73.828125,OK,OK
1,1,12,nci,31.999059,-3.345719,170.963693,-63.094687,2.709637,15.948251,15.414667,0.268501,0.250019,-6.883308,0.008154,0.003009,3924.459151,10633.859463,119.176702,127.986401,7.392132,106.546875,148.125000,41.578125,OK,OK
1,1,15,nci,31.999059,-5.374289,112.606736,-52.964802,2.126067,17.140145,16.218984,1.230378,1.039437,-15.518881,0.009224,0.004339,3469.030105,7375.391673,26.007506,30.784992,18.369645,130.359375,202.062500,71.703125,OK,OK
1,1,22,nci,31.999059,-13.450068,259.341501,-72.171319,3.593415,21.241964,18.384905,10.851167,8.274442,-23.746063,0.009863,0.002745,3244.394620,11658.456312,2.948905,3.867216,31.140770,437.796875,200.375000,-237.421875,OK,OK
1,1,1,ooffice,5.867188,-0.373196,7.220793,-6.734508,1.072208,1.712165,1.705775,0.008254,0.008350,1.159050,0.004625,0.004314,1268.467000,1360.060372,710.836833,702.692277,-1.145770,15.796875,36.781250,20.984375,OK,OK
1,1,3,ooffice,5.867188,-0.683460,18.831474,-15.847211,1.188315,1.967980,1.954529,0.014750,0.015439,4.671405,0.005082,0.004277,1154.475240,1371.879942,397.769814,380.017650,-4.462924,16.062500,35.218750,19.156250,OK,OK
1,1,9,ooffice,5.867188,-1.468347,22.603180,-18.436047,1.226032,2.154936,2.123294,0.061985,0.057953,-6.505495,0.005024,0.004098,1167.802841,1431.763423,94.654320,101.240517,6.958157,25.187500,43.296875,18.109375,OK,OK
1,1,12,ooffice,5.867188,-1.686017,22.256538,-18.204783,1.222565,2.173764,2.137114,0.110431,0.099276,-10.101428,0.005013,0.004100,1170.423655,1430.919436,53.130016,59.099955,11.236472,55.156250,77.109375,21.953125,OK,OK
1,1,15,ooffice,5.867188,-1.762154,6.972271,-6.517830,1.069723,2.181030,2.142597,0.353166,0.299568,-15.176373,0.005005,0.004679,1172.148140,1253.873482,16.613102,19.585465,17.891681,79.140625,101.078125,21.937500,OK,OK
1,1,22,ooffice,5.867188,-1.158714,16.718113,-14.323495,1.167181,2.370874,2.343402,0.820393,0.710050,-13.450003,0.006334,0.005427,926.257820,1081.110651,7.151680,8.263061,15.540154,143.609375,100.671875,-42.937500,OK,OK
1,1,1,osdb,9.618458,-0.228976,141.935267,-58.666630,2.419353,2.704068,2.697876,0.011768,0.012492,6.152046,0.005341,0.002208,1800.829932,4356.842703,817.308248,769.941115,-5.795504,23.375000,55.000000,31.625000,OK,OK
1,1,3,osdb,9.618458,-0.412490,152.113792,-60.335371,2.521138,2.880425,2.868543,0.017485,0.019378,10.824810,0.005213,0.002068,1845.061318,4651.654049,550.100314,496.369282,-9.767497,23.875000,54.078125,30.203125,OK,OK
1,1,9,osdb,9.618458,-0.510021,148.175954,-59.706008,2.481760,3.017381,3.001992,0.078489,0.073129,-6.828109,0.005062,0.002040,1899.989199,4715.316313,122.545817,131.526596,7.328508,33.015625,54.328125,21.312500,OK,OK
1,1,12,osdb,9.618458,-0.832181,138.386700,-58.051351,2.383867,3.130471,3.104420,0.175843,0.158032,-10.128749,0.004712,0.001977,2041.178101,4865.897114,54.699084,60.863828,11.270288,62.890625,93.203125,30.312500,OK,OK
1,1,15,osdb,9.618458,-1.954773,150.068836,-60.011011,2.500688,3.225067,3.162024,0.464207,0.391103,-15.748075,0.004541,0.001816,2118.311435,5297.236751,20.720202,24.593150,18.691649,86.781250,116.906250,30.125000,OK,OK
1,1,22,osdb,9.618458,-2.401399,138.957124,-58.151488,2.389571,3.253321,3.175195,1.726743,1.253950,-27.380604,0.005022,0.002102,1915.232741,4576.585077,5.570289,7.670525,37.704257,279.390625,117.406250,-161.984375,OK,OK
1,1,1,reymont,6.320192,-0.044974,16.039193,-13.822221,1.160392,3.083610,3.082223,0.011851,0.012530,5.728359,0.004193,0.003614,1507.274964,1749.029712,533.298935,504.404815,-5.417997,15.312500,36.109375,20.796875,OK,OK
1,1,3,reymont,6.320192,-0.471100,18.607551,-15.688336,1.186076,3.419657,3.403547,0.016127,0.016125,-0.015248,0.004280,0.003609,1476.594204,1751.352221,391.892192,391.951955,0.015250,15.906250,32.109375,16.203125,OK,OK
1,1,9,reymont,6.320192,-0.825554,21.633053,-17.785505,1.216331,3.967104,3.934353,0.072240,0.069582,-3.678489,0.003610,0.002968,1750.786048,2129.534514,87.489072,90.830253,3.818970,24.859375,35.484375,10.625000,OK,OK
1,1,12,reymont,6.320192,-1.389410,21.348869,-17.592969,1.213489,4.202168,4.143783,0.146903,0.139801,-4.834155,0.003293,0.002714,1919.014086,2328.701881,43.023005,45.208451,5.079716,54.781250,71.875000,17.093750,OK,OK
1,1,15,reymont,6.320192,-2.891557,-16.767817,20.145833,0.832322,4.554349,4.422658,0.904230,0.717640,-20.635266,0.003029,0.003639,2086.876254,1736.952665,6.989587,8.806918,26.000549,78.640625,96.968750,18.328125,OK,OK
1,1,22,reymont,6.320192,-3.087504,12.712954,-11.279053,1.127130,4.914433,4.762700,1.584053,1.267870,-19.960354,0.003222,0.002859,1961.321063,2210.662904,3.989887,4.984889,24.938084,143.265625,97.187500,-46.078125,OK,OK
1,1,1,samba,20.605469,-0.546238,190.310344,-65.554104,2.903103,3.937313,3.915806,0.023551,0.024544,4.215335,0.009478,0.003265,2174.107924,6311.660193,874.932758,839.543201,-4.044832,47.187500,105.359375,58.171875,OK,OK
1,1,3,samba,20.605469,-1.141287,189.822606,-65.496135,2.898226,4.360422,4.310657,0.032039,0.033421,4.315241,0.009887,0.003412,2084.009272,6039.929986,643.145446,616.540250,-4.136731,47.343750,103.375000,56.031250,OK,OK
1,1,9,samba,20.605469,-2.801503,236.446980,-70.277635,3.364470,4.966745,4.827602,0.145443,0.133068,-8.508721,0.010210,0.003035,2018.239528,6790.305947,141.673438,154.849118,9.300035,56.109375,111.750000,55.640625,OK,OK
1,1,12,samba,20.605469,-3.344475,116.082437,-53.721366,2.160824,5.044224,4.875521,0.254449,0.247341,-2.793423,0.008807,0.004076,2339.603024,5055.471240,80.980795,83.307938,2.873698,86.046875,134.687500,48.640625,OK,OK
1,1,15,samba,20.605469,-3.875470,178.138318,-64.046665,2.781383,5.130660,4.931823,1.032297,0.845820,-18.064244,0.008640,0.003106,2384.823207,6633.107151,19.960801,24.361527,22.046838,109.968750,191.828125,81.859375,OK,OK
1,1,22,samba,20.605469,-5.414775,183.049678,-64.670513,2.830497,5.585347,5.282913,5.381517,4.461871,-17.088974,0.009916,0.003503,2078.089273,5882.025001,3.828933,4.618123,20.611220,430.375000,198.265625,-232.109375,OK,OK
1,1,1,sao,6.915993,-0.047993,7.500159,-6.976882,1.075002,1.160309,1.159752,0.009738,0.010870,11.626577,0.005416,0.005038,1277.073715,1372.856273,710.224923,636.250741,-10.415599,20.421875,56.390625,35.968750,OK,OK
1,1,3,sao,6.915993,-0.473048,25.552732,-20.352191,1.255527,1.311974,1.305768,0.021135,0.021387,1.193738,0.006772,0.005394,1021.294322,1282.262922,327.235176,323.374928,-1.179656,20.453125,54.015625,33.562500,OK,OK
1,1,9,sao,6.915993,-0.351063,9.742963,-8.877984,1.097430,1.390401,1.385520,0.070658,0.070162,-0.701562,0.005698,0.005192,1213.740043,1331.994280,97.880114,98.571655,0.706518,29.453125,55.015625,25.562500,OK,OK
1,1,12,sao,6.915993,-0.467732,16.016526,-13.805383,1.160165,1.394911,1.388387,0.141891,0.121971,-14.039007,0.005730,0.004939,1206.926882,1400.234641,48.741703,56.702118,16.331835,59.437500,91.890625,32.453125,OK,OK
1,1,15,sao,6.915993,-0.490684,13.106306,-11.587600,1.131063,1.393323,1.386486,0.468273,0.379769,-18.900185,0.005638,0.004985,1226.629583,1387.395409,14.769134,18.211057,23.304844,83.421875,115.921875,32.500000,OK,OK
1,1,22,sao,6.915993,-0.179556,19.138335,-16.063960,1.191383,1.450223,1.447619,0.889806,0.642800,-27.759508,0.006349,0.005329,1089.375633,1297.863989,7.772472,10.759162,38.426521,147.890625,115.546875,-32.343750,OK,OK
1,1,1,webster,39.538100,-0.044666,168.620115,-62.772706,2.686201,3.034603,3.033248,0.062555,0.070651,12.941713,0.022770,0.008476,1736.443678,4664.437006,632.055084,559.629447,-11.458754,92.718750,207.250000,114.531250,OK,OK
1,1,3,webster,39.538100,-0.424582,214.651758,-68.218833,3.146518,3.427231,3.412680,0.105533,0.101420,-3.897549,0.026417,0.008396,1496.670287,4709.299367,374.650791,389.845200,4.055619,92.000000,202.406250,110.406250,OK,OK
1,1,9,webster,39.538100,-1.004918,84.746514,-45.871780,1.847465,4.041437,4.000824,0.430632,0.414556,-3.733288,0.022605,0.012235,1749.118685,3231.435800,91.814027,95.374637,3.878068,99.468750,198.625000,99.156250,OK,OK
1,1,12,webster,39.538100,-1.354661,151.536952,-60.244410,2.515370,4.180433,4.123803,0.851216,0.791158,-7.055580,0.021682,0.008620,1823.583404,4586.986118,46.448945,49.974968,7.591182,129.140625,193.171875,64.031250,OK,OK
1,1,15,webster,39.538100,-1.817128,136.670715,-57.747202,2.366707,4.339886,4.261024,4.494162,3.893024,-13.375972,0.020978,0.008864,1884.741168,4460.630393,8.797659,10.156141,15.441411,152.781250,215.796875,63.015625,OK,OK
1,1,22,webster,39.538100,-6.620413,170.039869,-62.968431,2.700399,4.917115,4.591582,13.534074,8.532631,-36.954456,0.023318,0.008635,1695.592124,4578.774757,2.921375,4.633753,58.615492,650.687500,319.734375,-330.953125,OK,OK
1,1,1,x-ray,8.081665,39.166397,117.094296,-53.937067,2.170943,1.251343,1.741448,0.009846,0.017258,75.283960,0.006385,0.002941,1265.652366,2747.659098,820.834692,468.288537,-42.949714,23.250000,60.796875,37.546875,OK,OK
1,1,3,x-ray,8.081665,25.050460,161.868759,-61.812932,2.618688,1.392597,1.741448,0.025887,0.035244,36.144758,0.007837,0.002993,1031.252125,2700.527143,312.184574,229.303411,-26.548769,23.453125,61.531250,38.078125,OK,OK
1,1,9,x-ray,8.081665,10.235604,185.936015,-65.027141,2.859360,1.580615,1.742401,0.081797,0.087006,6.368377,0.008442,0.002952,957.354273,2737.420653,98.801787,92.886429,-5.987096,32.078125,63.750000,31.671875,OK,OK
1,1,12,x-ray,8.081665,11.156903,243.067719,-70.851236,3.430677,1.595303,1.773289,0.164559,0.172583,4.875848,0.008668,0.002527,932.383265,3198.705997,49.110924,46.827678,-4.649162,62.046875,99.765625,37.718750,OK,OK
1,1,15,x-ray,8.081665,11.436021,223.143724,-69.054018,3.231437,1.595840,1.778341,0.515716,0.445700,-13.576350,0.008728,0.002701,925.977934,2992.239578,15.670774,18.132507,15.709068,86.031250,127.421875,41.390625,OK,OK
1,1,22,x-ray,8.081665,8.308543,222.741980,-69.015497,3.227420,1.651955,1.789209,1.262991,1.391826,10.200767,0.010124,0.003137,798.235183,2576.240033,6.398831,5.806522,-9.256530,278.562500,189.500000,-89.062500,OK,OK
1,1,1,xml,5.097656,-0.678601,10.657858,-9.631361,1.106579,7.709720,7.657402,0.004240,0.004511,6.390155,0.002066,0.001867,2467.204353,2730.155481,1202.395380,1130.175423,-6.006340,11.468750,23.625000,12.156250,OK,OK
1,1,3,xml,5.097656,-0.734841,24.408547,-19.619670,1.244085,8.413802,8.351974,0.005185,0.005869,13.191793,0.002014,0.001618,2531.738858,3149.699518,983.146572,868.567006,-11.654373,12.140625,24.406250,12.265625,OK,OK
1,1,9,xml,5.097656,-0.736226,21.666582,-17.808162,1.216666,10.340433,10.264304,0.025259,0.024218,-4.118080,0.001644,0.001352,3100.057055,3771.733469,201.819102,210.487130,4.294950,21.296875,33.640625,12.343750,OK,OK
1,1,12,xml,5.097656,-0.703636,14.399630,-12.587130,1.143996,10.730262,10.654760,0.040999,0.039265,-4.229312,0.001530,0.001337,3332.528935,3812.400770,124.337376,129.828217,4.416082,51.281250,63.546875,12.265625,OK,OK
1,1,15,xml,5.097656,-0.782217,13.135975,-11.610785,1.131360,11.072334,10.985724,0.152866,0.150816,-1.340906,0.001409,0.001246,3617.283077,4092.448484,33.347175,33.800407,1.359131,75.234375,87.859375,12.625000,OK,OK
1,1,22,xml,5.097656,-0.788521,16.135749,-13.893869,1.161357,11.843790,11.750399,1.166867,1.164029,-0.243201,0.001571,0.001352,3245.794179,3769.527370,4.368669,4.379319,0.243794,139.906250,87.390625,-52.515625,OK,OK
1,1,1,silesia_blob,202.120380,2.644704,33.280403,-24.970215,1.332804,2.894171,2.970713,0.257763,0.316852,22.923998,0.140554,0.105457,1438.030363,1916.612660,784.133776,637.901294,-18.648920,463.406250,841.125000,377.718750,OK,OK
1,1,3,silesia_blob,202.120380,1.202447,50.290072,-33.462006,1.502901,3.204504,3.243036,0.416375,0.499008,19.845962,0.149066,0.099185,1355.915799,2037.806835,485.428956,405.044064,-16.559558,672.062500,775.796875,103.734375,OK,OK
1,1,9,silesia_blob,202.120380,-0.578175,48.650236,-32.727991,1.486502,3.587216,3.566476,1.726744,1.738099,0.657594,0.119281,0.080242,1694.495825,2518.872038,117.052921,116.288217,-0.653298,708.250000,905.609375,197.359375,OK,OK
1,1,12,silesia_blob,202.120380,-0.783514,34.755530,-25.791543,1.347555,3.659168,3.630498,3.487127,3.526481,1.128565,0.156220,0.115929,1293.815055,1743.487333,57.961869,57.315031,-1.115971,526.765625,832.875000,306.109375,OK,OK
1,1,15,silesia_blob,202.120380,-1.146144,4.219196,-4.048386,1.042192,3.725993,3.683288,14.498866,12.342072,-14.875607,0.127136,0.121989,1589.796086,1656.872692,13.940427,16.376536,17.475140,792.640625,772.375000,-20.265625,OK,OK
1,1,22,silesia_blob,202.120380,-2.674430,20.716090,-17.161002,1.207161,4.047405,3.939160,52.879578,39.605687,-25.102113,0.129845,0.107562,1556.630631,1879.103638,3.822277,5.103317,33.515115,905.359375,973.812500,68.453125,OK,OK
