n_threads,level,dataset,size_mb,ratio_zstd,ratio_omni,ratio_delta_pct_omni_vs_zstd,comp_zstd_s,comp_omni_s,comp_time_delta_pct_omni_vs_zstd,decomp_zstd_s,decomp_omni_s,decomp_time_delta_pct_omni_vs_zstd,decomp_zstd_mb_s,decomp_omni_mb_s,decomp_delta_pct_omni_vs_zstd,comp_zstd_mb_s,comp_omni_mb_s,comp_delta_pct_omni_vs_zstd,rss_peak_delta_zstd_mb,rss_peak_delta_omni_mb,rss_delta_diff_omni_minus_zstd_mb,status_zstd,status_omni
8,1,dickens,9.720274,2.391061,2.389971,-0.045584,0.005552,0.019403,249.456673,0.007145,0.005940,-16.856195,1360.477833,1636.294888,20.273543,1750.690988,500.975121,-71.384149,39.484375,47.765625,8.281250,OK,OK
8,3,dickens,9.720274,2.781037,2.765529,-0.557640,0.027590,0.030698,11.268475,0.008055,0.006243,-22.491938,1206.694326,1556.862977,29.018836,352.317873,316.637639,-10.127285,41.062500,45.890625,4.828125,OK,OK
8,9,dickens,9.720274,3.105064,3.067502,-1.209702,0.128109,0.123622,-3.502394,0.006621,0.005523,-16.588941,1468.014423,1759.975764,19.888179,75.875152,78.629051,3.629514,46.312500,45.984375,-0.328125,OK,OK
8,12,dickens,9.720274,3.216509,3.158278,-1.810384,0.256761,0.234830,-8.541440,0.006144,0.005384,-12.372953,1581.957656,1805.330326,14.120016,37.857290,41.392834,9.339137,76.093750,85.109375,9.015625,OK,OK
8,15,dickens,9.720274,3.333083,3.239914,-2.795289,1.405674,1.002658,-28.670666,0.006039,0.005110,-15.377451,1609.616680,1902.113209,18.171813,6.915030,9.694510,40.194777,99.859375,94.640625,-5.218750,OK,OK
8,22,dickens,9.720274,3.577472,3.438777,-3.876890,2.376032,1.718492,-27.673857,0.006493,0.005556,-14.426815,1497.144555,1749.548710,16.859037,4.090969,5.656280,38.262593,292.109375,109.000000,-183.109375,OK,OK
8,1,mozilla,48.847656,2.563137,2.546279,-0.657721,0.014473,0.032485,124.454941,0.034630,0.030342,-12.382827,1410.547049,1609.897920,14.132876,3375.117680,1503.694982,-55.447628,153.015625,267.703125,114.687500,OK,OK
8,3,mozilla,48.847656,2.801798,2.764797,-1.320639,0.024933,0.035539,42.538956,0.036045,0.030588,-15.137538,1355.204157,1596.941842,17.837732,1959.146967,1374.464235,-29.843740,193.875000,263.921875,70.046875,OK,OK
8,9,mozilla,48.847656,3.060505,3.002251,-1.903410,0.168749,0.134966,-20.019803,0.031682,0.028606,-9.709549,1541.817088,1707.619203,10.753683,289.469378,361.926313,25.030950,226.625000,308.093750,81.468750,OK,OK
8,12,mozilla,48.847656,3.083048,3.022541,-1.962568,0.354377,0.276349,-22.018402,0.039027,0.026960,-30.917526,1251.652209,1811.823084,44.754515,137.840836,176.760722,28.235382,346.359375,475.531250,129.171875,OK,OK
8,15,mozilla,48.847656,3.096729,3.033917,-2.028346,1.056736,0.676040,-36.025662,0.031244,0.025554,-18.210332,1563.439790,1911.537030,22.264832,46.225035,72.255589,56.312677,442.125000,584.625000,142.500000,OK,OK
8,22,mozilla,48.847656,3.434362,3.336938,-2.836742,9.640856,2.025082,-78.994793,0.042101,0.033932,-19.404670,1160.240108,1439.587267,24.076668,5.066734,24.121325,376.072424,815.781250,1078.328125,262.546875,OK,OK
8,1,mr,9.508671,2.611618,2.762959,5.794931,0.004424,0.024828,461.262900,0.006201,0.006197,-0.068534,1533.337059,1534.388632,0.068581,2149.520085,382.979186,-82.183038,38.187500,51.140625,12.953125,OK,OK
8,3,mr,9.508671,2.810140,2.887751,2.761831,0.020484,0.034429,68.071927,0.006834,0.006258,-8.433844,1391.359956,1519.513341,9.210656,464.189501,276.185029,-40.501664,40.140625,50.578125,10.437500,OK,OK
8,9,mr,9.508671,3.005257,2.976720,-0.949541,0.096835,0.106254,9.726228,0.006434,0.005383,-16.334457,1477.878588,1766.412484,19.523518,98.194313,89.490284,-8.864087,45.734375,47.250000,1.515625,OK,OK
8,12,mr,9.508671,3.050314,3.010991,-1.289127,0.199177,0.218711,9.807104,0.006295,0.006103,-3.041000,1510.621554,1558.000339,3.136377,47.739793,43.476052,-8.931211,75.609375,90.562500,14.953125,OK,OK
8,15,mr,9.508671,3.080633,3.029829,-1.649143,0.835792,0.696920,-16.615582,0.005978,0.005968,-0.176339,1590.544190,1593.353895,0.176651,11.376839,13.643843,19.926484,99.546875,112.000000,12.453125,OK,OK
8,22,mr,9.508671,3.213825,3.163967,-1.551367,1.891422,1.761128,-6.888649,0.006895,0.006008,-12.870415,1379.000956,1582.701166,14.771579,5.027261,5.399192,7.398292,291.937500,164.484375,-127.453125,OK,OK
8,1,nci,31.999059,11.756729,11.751610,-0.043534,0.004971,0.006314,27.008869,0.012322,0.009801,-20.457185,2596.975013,3264.876921,25.718457,6436.877872,5068.053864,-21.265341,92.812500,112.203125,19.390625,OK,OK
8,3,nci,31.999059,11.833777,11.747525,-0.728867,0.007879,0.007500,-4.819558,0.012362,0.009781,-20.882044,2588.440828,3271.622455,26.393558,4061.138014,4266.777829,5.063601,105.562500,114.781250,9.218750,OK,OK
8,9,nci,31.999059,14.929303,14.625610,-2.034211,0.073318,0.031525,-57.002048,0.008939,0.007910,-11.515858,3579.663418,4045.542346,13.014601,436.441313,1015.028146,132.569218,121.218750,189.187500,67.968750,OK,OK
8,12,nci,31.999059,15.938493,15.414667,-3.286547,0.140758,0.055261,-60.740596,0.008037,0.007073,-11.993753,3981.550281,4524.167810,13.628298,227.333517,579.054937,154.716042,180.906250,396.781250,215.875000,OK,OK
8,15,nci,31.999059,17.109328,16.218984,-5.203850,0.776873,0.255511,-67.110252,0.007439,0.006422,-13.660746,4301.768084,4982.401282,15.822173,41.189573,125.235298,204.046116,228.578125,618.296875,389.718750,OK,OK
8,22,nci,31.999059,21.241964,18.384905,-13.450068,10.494023,1.701471,-83.786282,0.008870,0.007431,-16.231456,3607.407663,4306.398897,19.376552,3.049265,18.806699,516.761696,484.359375,621.515625,137.156250,OK,OK
8,1,ooffice,5.867188,1.712148,1.705775,-0.372198,0.003176,0.008412,164.879696,0.004550,0.004294,-5.620215,1289.550979,1366.342364,5.954893,1847.496639,697.485185,-62.247012,26.265625,31.000000,4.734375,OK,OK
8,3,ooffice,5.867188,1.966635,1.954529,-0.615537,0.014822,0.014977,1.046612,0.005252,0.004328,-17.592760,1117.151815,1355.647652,21.348561,395.853187,391.753052,-1.035772,25.078125,29.375000,4.296875,OK,OK
8,9,ooffice,5.867188,2.153477,2.123294,-1.401565,0.059633,0.056359,-5.489965,0.004931,0.004115,-16.557546,1189.787085,1425.877384,19.843071,98.388199,104.103441,5.808870,33.968750,37.500000,3.531250,OK,OK
8,12,ooffice,5.867188,2.172324,2.137114,-1.620814,0.101860,0.092228,-9.455893,0.005021,0.004204,-16.266564,1168.519911,1395.523652,19.426605,57.600387,63.615832,10.443410,63.906250,72.859375,8.953125,OK,OK
8,15,ooffice,5.867188,2.179630,2.142597,-1.699083,0.324970,0.266691,-17.933626,0.005036,0.004179,-17.005496,1165.135903,1403.871155,20.489906,18.054535,21.999918,21.852588,87.890625,96.828125,8.937500,OK,OK
8,22,ooffice,5.867188,2.370557,2.343402,-1.145496,0.751695,0.647781,-13.823982,0.006332,0.005474,-13.557656,926.562663,1071.885165,15.684045,7.805275,9.057363,16.041566,152.125000,96.265625,-55.859375,OK,OK
8,1,osdb,9.618458,2.704944,2.697876,-0.261290,0.004076,0.013393,228.602464,0.005742,0.005102,-11.153612,1675.057132,1885.340713,12.553816,2359.874761,718.154919,-69.568092,37.968750,45.875000,7.906250,OK,OK
8,3,osdb,9.618458,2.880283,2.868543,-0.407570,0.014805,0.019267,30.139705,0.005357,0.004517,-15.688286,1795.325770,2129.390676,18.607481,649.690923,499.225755,-23.159500,40.187500,44.921875,4.734375,OK,OK
8,9,osdb,9.618458,3.017381,3.001992,-0.510021,0.074417,0.070666,-5.040766,0.005103,0.004222,-17.276279,1884.740391,2278.355422,20.884310,129.250091,136.111135,5.308348,46.015625,45.187500,-0.828125,OK,OK
8,12,osdb,9.618458,3.130471,3.104420,-0.832181,0.163982,0.146387,-10.729586,0.004833,0.004229,-12.497520,1990.179896,2274.426838,14.282475,58.655735,65.705683,12.019196,75.781250,84.921875,9.140625,OK,OK
8,15,osdb,9.618458,3.225067,3.162024,-1.954773,0.403196,0.350338,-13.109741,0.004328,0.003962,-8.469625,2222.272549,2427.907192,9.253349,23.855517,27.454765,15.087699,99.562500,108.578125,9.015625,OK,OK
8,22,osdb,9.618458,3.253321,3.175195,-2.401399,1.576732,1.191078,-24.459029,0.004933,0.004682,-5.072512,1949.967352,2054.165133,5.343565,6.100250,8.075420,32.378495,292.109375,109.093750,-183.015625,OK,OK
8,1,reymont,6.320192,3.081241,3.082223,0.031858,0.004188,0.012507,198.612189,0.004067,0.003451,-15.131398,1554.066031,1831.143674,17.829207,1509.029391,505.347554,-66.511749,25.281250,29.781250,4.500000,OK,OK
8,3,reymont,6.320192,3.419657,3.403547,-0.471100,0.015381,0.015214,-1.083851,0.004319,0.003392,-21.460341,1463.275426,1863.103859,27.324209,410.906848,415.409264,1.095727,24.250000,25.812500,1.562500,OK,OK
8,9,reymont,6.320192,3.967104,3.934353,-0.825554,0.070879,0.069135,-2.461176,0.003593,0.002913,-18.913889,1759.008771,2169.309589,23.325683,89.168706,91.418680,2.523278,32.968750,29.859375,-3.109375,OK,OK
8,12,reymont,6.320192,4.202168,4.143783,-1.389410,0.141843,0.134991,-4.830798,0.003368,0.002714,-19.422436,1876.727240,2329.094053,24.104026,44.557543,46.819289,5.076010,62.796875,65.578125,2.781250,OK,OK
8,15,reymont,6.320192,4.554349,4.422658,-2.891557,0.796770,0.670439,-15.855333,0.002996,0.002590,-13.536645,2109.631506,2439.914016,15.655934,7.932269,9.426942,18.842944,86.531250,90.156250,3.625000,OK,OK
8,22,reymont,6.320192,4.914433,4.762700,-3.087504,1.478163,1.215665,-17.758383,0.003270,0.004785,46.317426,1932.509848,1320.765339,-31.655441,4.275707,5.198958,21.592941,151.031250,81.843750,-69.187500,OK,OK
8,1,samba,20.605469,3.928296,3.915806,-0.317938,0.005863,0.008401,43.281203,0.010046,0.008863,-11.770311,2051.162803,2324.798867,13.340534,3514.367670,2452.776489,-30.207175,75.828125,85.312500,9.484375,OK,OK
8,3,samba,20.605469,4.358094,4.310657,-1.088478,0.015086,0.011330,-24.893042,0.010262,0.008680,-15.414779,2007.873727,2373.787882,18.223963,1365.908504,1818.617789,33.143456,76.578125,85.921875,9.343750,OK,OK
8,9,samba,20.605469,4.952487,4.827602,-2.521675,0.104549,0.041550,-60.258077,0.008981,0.007846,-12.634424,2294.404006,2626.210586,14.461559,197.089261,495.922810,151.623456,93.984375,143.703125,49.718750,OK,OK
8,12,samba,20.605469,5.025538,4.875521,-2.985079,0.187877,0.074886,-60.140993,0.008775,0.007227,-17.643588,2348.101229,2851.145616,21.423454,109.675605,275.158896,150.884321,153.843750,276.546875,122.703125,OK,OK
8,15,samba,20.605469,5.108301,4.931823,-3.454723,0.725668,0.285646,-60.636746,0.008634,0.007115,-17.586411,2386.607313,2895.890518,21.339212,28.395190,72.136287,154.044038,201.625000,429.328125,227.703125,OK,OK
8,22,samba,20.605469,5.588273,5.282913,-5.464312,5.100518,2.094076,-58.943850,0.009563,0.008115,-15.143240,2154.679426,2539.195980,17.845650,4.039878,9.839884,143.568867,454.765625,413.031250,-41.734375,OK,OK
8,1,sao,6.915993,1.160480,1.159752,-0.062690,0.003674,0.011676,217.837722,0.005627,0.005627,-0.005171,1229.027390,1229.090945,0.005171,1882.607160,592.317094,-68.537404,35.390625,49.484375,14.093750,OK,OK
8,3,sao,6.915993,1.310924,1.305768,-0.393264,0.021055,0.021549,2.348216,0.006580,0.005763,-12.411832,1051.049311,1199.990059,14.170672,328.472702,320.936420,-2.294340,32.812500,47.125000,14.312500,OK,OK
8,9,sao,6.915993,1.390401,1.385520,-0.351063,0.069654,0.067707,-2.795020,0.005624,0.005107,-9.197259,1229.737619,1354.295701,10.128834,99.291210,102.146218,2.875388,41.546875,48.140625,6.593750,OK,OK
8,12,sao,6.915993,1.394911,1.388387,-0.467732,0.137287,0.119066,-13.272374,0.005765,0.005387,-6.561968,1199.669090,1283.919472,7.022802,50.376151,58.085472,15.303514,71.500000,85.000000,13.500000,OK,OK
8,15,sao,6.915993,1.393323,1.386486,-0.490684,0.434583,0.363603,-16.332808,0.005584,0.008231,47.394411,1238.500349,840.262765,-32.154822,15.914105,19.020723,19.521163,95.484375,109.078125,13.593750,OK,OK
8,22,sao,6.915993,1.450223,1.447619,-0.179556,0.768737,0.592135,-22.973058,0.006360,0.005638,-11.355538,1087.363308,1226.656785,12.810206,8.996566,11.679766,29.824704,159.734375,108.656250,-51.078125,OK,OK
8,1,webster,39.538100,3.032878,3.033248,0.012189,0.014117,0.021921,55.283022,0.024858,0.021573,-13.213437,1590.585061,1832.754986,15.225211,2800.793404,1803.670073,-35.601460,123.656250,168.281250,44.625000,OK,OK
8,3,webster,39.538100,3.424303,3.412680,-0.339435,0.028123,0.028841,2.553029,0.026845,0.022955,-14.490124,1472.813247,1722.389645,16.945556,1405.876198,1370.877307,-2.489472,147.453125,166.734375,19.281250,OK,OK
8,9,webster,39.538100,4.036244,4.000824,-0.877545,0.185869,0.119083,-35.931570,0.022278,0.019836,-10.959824,1774.793004,1993.249660,12.308853,212.720728,332.021134,56.083113,171.515625,202.031250,30.515625,OK,OK
8,12,webster,39.538100,4.171563,4.123803,-1.144903,0.402619,0.246524,-38.769882,0.021132,0.018482,-12.541130,1870.965519,2139.251873,14.339460,98.202190,160.382167,63.318321,260.843750,316.453125,55.609375,OK,OK
8,15,webster,39.538100,4.325372,4.261024,-1.487674,2.389048,1.416261,-40.718603,0.020200,0.017448,-13.627255,1957.299335,2266.107593,15.777263,16.549732,27.917243,68.686982,332.093750,434.937500,102.843750,OK,OK
8,22,webster,39.538100,4.917038,4.591582,-6.618952,13.167491,2.603348,-80.228974,0.022982,0.021904,-4.688371,1720.431661,1805.059553,4.918992,3.002706,15.187405,405.790651,776.156250,799.125000,22.968750,OK,OK
8,1,x-ray,8.081665,1.251321,1.741448,39.168822,0.003065,0.019236,527.630972,0.006664,0.006085,-8.699280,1212.674254,1328.219818,9.528162,2636.937509,420.141393,-84.067071,40.640625,48.687500,8.046875,OK,OK
8,3,x-ray,8.081665,1.392416,1.741448,25.066695,0.028023,0.037137,32.522999,0.008622,0.005536,-35.790160,937.366982,1459.849417,55.739368,288.390140,217.615163,-24.541400,44.218750,49.437500,5.218750,OK,OK
8,9,x-ray,8.081665,1.580615,1.742401,10.235604,0.087019,0.092210,5.965634,0.009384,0.005017,-46.541839,861.198412,1610.976515,87.062179,92.872908,87.644366,-5.629782,45.468750,51.687500,6.218750,OK,OK
8,12,x-ray,8.081665,1.595303,1.773289,11.156903,0.151271,0.169719,12.195181,0.008422,0.005017,-40.432087,959.537480,1610.829441,67.875614,53.425020,47.617927,-10.869612,75.375000,90.687500,15.312500,OK,OK
8,15,x-ray,8.081665,1.595840,1.778341,11.436021,0.476681,0.413144,-13.328930,0.008747,0.004448,-49.149245,923.918103,1816.921100,96.653913,16.954037,19.561356,15.378753,99.375000,115.328125,15.953125,OK,OK
8,22,x-ray,8.081665,1.651955,1.789209,8.308543,1.217284,1.162431,-4.506175,0.009964,0.004444,-55.403154,811.049134,1818.624417,124.231103,6.639094,6.952381,4.718813,291.703125,164.468750,-127.234375,OK,OK
8,1,xml,5.097656,7.691925,7.657402,-0.448819,0.001957,0.004547,132.313652,0.001893,0.001758,-7.122770,2692.898208,2899.417006,7.669016,2604.499294,1121.113320,-56.954747,18.015625,18.531250,0.515625,OK,OK
8,3,xml,5.097656,8.404370,8.351974,-0.623436,0.005191,0.005581,7.504000,0.001951,0.001664,-14.728946,2612.340675,3063.572643,17.273090,981.994514,913.449280,-6.980205,18.015625,19.546875,1.531250,OK,OK
8,9,xml,5.097656,10.337093,10.264304,-0.704158,0.025803,0.024042,-6.825616,0.001579,0.001393,-11.734584,3229.088949,3658.385252,13.294657,197.561247,212.033864,7.325636,27.093750,28.843750,1.750000,OK,OK
8,12,xml,5.097656,10.731447,10.654760,-0.714599,0.044967,0.037963,-15.575004,0.001482,0.001321,-10.869588,3440.682213,3860.278603,12.195151,113.364175,134.277975,18.448333,57.031250,58.765625,1.734375,OK,OK
8,15,xml,5.097656,11.070133,10.985724,-0.762486,0.151233,0.144849,-4.221569,0.001456,0.001297,-10.973773,3499.935699,3931.353501,12.326449,33.707245,35.192939,4.407641,80.984375,82.781250,1.796875,OK,OK
8,22,xml,5.097656,11.834743,11.750399,-0.712681,1.131466,1.128640,-0.249805,0.001519,0.001487,-2.128750,3356.112494,3429.109673,2.175052,4.505353,4.516636,0.250431,145.609375,76.578125,-69.031250,OK,OK
8,1,silesia_blob,202.120380,2.891099,2.885815,-0.182771,0.053493,0.104390,95.148554,0.128428,0.108343,-15.639451,1573.797958,1865.561552,18.538821,3778.468934,1936.201351,-48.756986,296.187500,699.328125,403.140625,OK,OK
8,3,silesia_blob,202.120380,3.201049,3.183724,-0.541226,0.092753,0.121826,31.344866,0.134183,0.113871,-15.137206,1506.308140,1774.992391,17.837270,2179.128916,1659.089530,-23.864554,589.531250,764.546875,175.015625,OK,OK
8,9,silesia_blob,202.120380,3.580990,3.555304,-0.717294,0.509680,0.520680,2.158035,0.117071,0.103316,-11.749376,1726.470173,1956.326311,13.313647,396.562971,388.185785,-2.112448,763.937500,776.734375,12.796875,OK,OK
8,12,silesia_blob,202.120380,3.650805,3.622329,-0.779990,1.061839,1.087800,2.444941,0.117847,0.101973,-13.470043,1715.108406,1982.097846,15.566913,190.349381,185.806521,-2.386590,951.937500,901.781250,-50.156250,OK,OK
8,15,silesia_blob,202.120380,3.715284,3.683338,-0.859841,5.573247,5.867663,5.282675,0.114390,0.094348,-17.520492,1766.946787,2142.285797,21.242236,36.266182,34.446487,-5.017611,1004.609375,923.437500,-81.171875,OK,OK
8,22,silesia_blob,202.120380,4.052934,3.974643,-1.931719,55.957798,12.661818,-77.372559,0.139552,0.109965,-21.200970,1448.353887,1838.035180,26.905116,3.612015,15.962983,341.941262,918.609375,2209.859375,1291.250000,OK,OK
